NomEtablissementPrive,AdresseEtablissementPrive
"Les Colibris, Ecole Montessori Internationale de Suresnes et Neuilly",16 bis rue Edouard Nieuport 92150 Suresnes
Ecole Privee Sainte-Anne,4 avenue de la Republique 91260 Juvisy-sur-Orge
Lycee Prive Sainte-Therese,7 rue Beziel 78120 Rambouillet
College La Salle Saint-Nicolas,19 rue Victor Hugo 92130 Issy-les-Moulineaux
Ecole Privee Notre Dame - Sainte Famille,106 boulevard Charles-de-Gaulle 95110 Sannois
Section de Technicien Superieur Ensemble Scolaire Sainte Catherine Laboure,29 rue Gassendi 75014 Paris 14
"College Prive Saint-Michel des Batignolles, Ensemble Batignolles Epinettes",35 avenue de Saint-Ouen 75017 Paris 17
Lycee Prive Sainte-Elisabeth,112 rue de Lourmel 75015 Paris 15
College Prive Saint-Charles,55 rue Gabriel-Peri 95240 Cormeilles-en-Parisis
Ecole Privee Sainte-Marie des Bourdonnais,40 rue des Bourdonnais 78000 Versailles
Lycee Professionnel et Technologique Prive Saint-Jean de Montmartre,31 rue Caulaincourt 75018 Paris 18
Lycee Technique Prive Saint-Nicolas,108 rue de Vaugirard 75006 Paris 06
"Lycee General et Technologique, Ensemble Scolaire La Salle Igny",10 avenue de la Division-Leclerc 91430 Igny
Institution Sainte-Therese,43 rue Pasteur 77860 Couilly-Pont-aux-Dames
Ecole du Luat,Chateau du Luat Chemin de la Baronne 95350 Piscop
College Prive Sainte Jeanne d'Arc,14 rue Alsace Lorraine 95260 Beaumont-sur-Oise
Ecole Privee Sainte-Marie,10 boulevard Gambetta 77000 Melun
College Prive Saint-Vincent - Groupe Scolaire La Madone,8 rue Championnet 75018 Paris 18
College Prive Notre-Dame Providence,9 boulevard Sadi Carnot 95880 Enghien-les-Bains
Ecole Privee Marie-Therese,5 rue de Rouen 95420 Magny-en-Vexin
Lycee Sainte-Marie de Stains,7 rue Jean Chardavoine 93240 Stains
ILFM - Institut de Formation de la Fondation pour l'Ecole,120 avenue du General Leclerc Paris 14
Apprentis d'Auteuil - Internat Educatif et Scolaire (IES) Saint Pie X,5 bis route Strategique 95330 Domont
College Prive Saint-Joseph du Parchamp,6 rue du Parchamp 92100 Boulogne-Billancourt
Ecole Privee Sainte-Marie - Groupe Scolaire La Madone,8 rue Championnet 75018 Paris 18
College Prive Saint-Louis-Sainte-Clotilde,37 allee de la Fontaine 93340 Le Raincy
"Ecole Privee du Sacre-Coeur, Ensemble Batignolles Epinettes",36 rue Dautancourt 75017 Paris 17
Lycee Prive Blanche-de-Castille,1 avenue de la Breteche 78150 Le Chesnay-Rocquencourt
Ecole Privee Notre Dame de la Croix,13 rue du Retrait 75020 Paris 20
Lycee des Metiers Cognacq-Jay Argenteuil,20 rue de la Liberte 95100 Argenteuil
Ecole Privee Sainte-Therese,Allee Golda Meir 78990 Elancourt
College Prive Sainte-Therese,7 quai Boissy-d'Anglas 78380 Bougival
Cours Marie des Lys,1 ter rue Coypel 78000 Versailles
Ecole Privee Notre-Dame Les Oiseaux,106 Grande-Rue 78480 Verneuil-sur-Seine
College Emmanuel d'Alzon - Institution du Sacre-Coeur,2 rue du Gaizon 91620 La Ville-du-Bois
123 mon ecole Bois-Colombes,6 rue Hispano Suiza 92270 Bois-Colombes
Internat du College du Luat,Chateau du Luat Chemin de la Baronne 95350 Piscop
EIMA - Ecole Internationale des Metiers Audiovisuels,10 ter rue Parmentier 93100 Montreuil
Ecole Privee Mixte Catholique Sainte-Jeanne-d'Arc,62 rue du General de Gaulle 77000 Melun
Lycee General et Technologique Prive Ensemble Scolaire Les Chataigniers,11 bis avenue Jean Jaures 78000 Versailles
College Sainte-Marie a ouverture internationale,40 rue Alfred Maury 77109 Meaux
College Prive Catholique du Sacre-Coeur,1 rue d'Estienne-d'Orves 94480 Ablon-sur-Seine
Guidepost Montessori Paris Monceau,93 rue de Monceau 75008 Paris 08
Groupe Scolaire Saint-Vincent-de-Paul Paris 13 - Lycee General et Technologique,49 rue Bobillot 75013 Paris 13
Ecole Privee Rocroy Saint-Vincent de Paul,6 rue de Rocroy 75010 Paris 10
Lycee Polyvalent Prive Blanche-de-Castille (ICEF),42 bis rue du Chateau 77300 Fontainebleau
Ecole Privee Saint-Charles,55 rue Gabriel-Peri 95240 Cormeilles-en-Parisis
"Ensemble Scolaire Maurice-Rondeau, UFA",1 place du Clos-Saint-Georges 77600 Bussy-Saint-Georges
College Prive Mixte Notre-Dame,3 avenue Gambetta 91210 Draveil
Lycee Professionnel Notre-Dame du Grandchamp,97 rue Royale 78000 Versailles
Lycee Prive Jean-Paul II - Institution du Sacre-Coeur,2 rue du Gaizon 91620 La Ville-du-Bois
"College Prive, Saint-Stanislas",2 rue des Patis CS 80013 95520 Osny
Ecole Du Breuil,Route de la Ferme Bois de Vincennes 75012 Paris 12
L'Ecole Aujourd'hui - School for Today,24 boulevard Edgar Quinet 75014 Paris 14
Lycee Prive Saint Jean Hulst,26 rue Marechal-de-Lattre-de-Tassigny 78000 Versailles
College Prive Blanche-de-Castille,1 avenue de la Breteche 78150 Le Chesnay-Rocquencourt
Lycee Prive General et Technologique Jeanne d'Arc,2 bis boulevard Toussaint-Lucas 95130 Franconville
Lycee Agricole Prive Sully,22 avenue de l'Europe 78300 Magnanville
Internat de l'Institution Sainte Jeanne d'Arc,14 rue Alsace Lorraine 95260 Beaumont-sur-Oise
Internat du Lycee Agricole Prive Sully,22 avenue de l'Europe 78200 Magnanville
Lycee Prive de l'Institut Notre-Dame,65 avenue du General-Leclerc 92340 Bourg-la-Reine
Apprentis d'Auteuil - Lycee Sainte-Therese,40 rue Jean de la Fontaine 75016 Paris 16
College Prive Notre-Dame,14 avenue Blanche-de-Castille 78300 Poissy
Lycee Professionnel La Salle Saint Nicolas,19 rue Victor Hugo 92130 Issy-les-Moulineaux
Lycee Prive St-Michel des Batignolles Ensemble Batignolles Epinettes,35 avenue de Saint-Ouen 75017 Paris 17
Ecole Privee Sainte-Mathilde,7 boulevard Aguado 91000 Evry-Courcouronnes
Apprentis d'Auteuil - Lycee Nature et Services et UFA Saint-Jean,Rond-Point de la Tour du Mail 95117 Sannois
Lycee Professionnel ESP,17 avenue Rhin et Danube 92250 La Garenne-Colombes
Lycee Agricole Prive Sully,22 avenue de l'Europe 78200 Magnanville
College Prive - Ensemble Scolaire Saint Michel de Picpus,53 rue de la Gare de Reuilly 75012 Paris 12
College Prive Sainte-Marie,3 bis chemin de la Messe 77140 Saint-Pierre-les-Nemours
College Jeanne-d'Arc - Institut Saint-Paul,26 rue d'Etampes et 6 rue Jube de la Perelle 91410 Dourdan
Ecole Perceval,5 avenue d'Epremesnil 78400 Chatou
Ecole Privee Saint-Esprit,56 rue des Meuniers 75012 Paris 12
Lycee Professionnel Prive Ensemble Scolaire Les Chataigniers,11 bis avenue Jean-Jaures 78000 Versailles
Ecole Privee Catholique - Groupe Scolaire Notre-Dame-de-France,63 rue de la Sante 75013 Paris 13
Lycee Prive Catholique Notre-Dame de la Compassion - Pontoise,8 place Nicolas-Flamel 95300 Pontoise
Lycee General et Technologique Prive Saint- Jean de Montmartre,31 rue Caulaincourt 75018 Paris 18
Ecole Privee Ensemble Scolaire Les Chataigniers,11 bis avenue Jean-Jaures 78000 Versailles
Ecole Privee Saint-Jean-de-Montmartre,31 rue Caulaincourt 75018 Paris 18
Lycee Prive Saint-Charles,2 rue Genevieve Anthonioz de Gaulle 91200 Athis-Mons
Lycee Polyvalent General Saint-Leon Senart - Institution Saint-Spire,33/35 Cote de l'Entre-Deux 91280 Saint-Pierre-du-Perray
Ecole de Management Applique (EMA),15 rue de Pondichery 75015 Paris 15
Ecole Privee Notre-Dame,34 boulevard de la Reine 78000 Versailles
Ecole Primaire (maternelle et elementaire) - Institution Sainte-Foy,12-14 rue des Capucins 77120 Coulommiers
Apprentis d'Auteuil - Campus Saint-Antoine,53 avenue Massenat Deroche 91460 Marcoussis
Lycee Professionnel Prive Saint-Erembert,7 rue Salomon Reinach 78100 Saint-Germain-en-Laye
Ecole Privee Sainte-Genevieve,72 rue de la Republique 95100 Argenteuil
Apprentis d'Auteuil - Internat Educatif et Scolaire (IES) Sainte Therese,40 rue Jean de la Fontaine 75016 Paris 16
Institution Saint-Spire,33/35 Cote de l'Entre-deux 91280 Saint-Pierre-du-Perray
Lycee Technologique Prive Notre-Dame Les Oiseaux,106 Grande-Rue 78480 Verneuil-sur-Seine
College Prive Saint-Thomas de Villeneuve,15 rue des Louviers 78100 Saint-Germain-en-Laye
College Prive Sainte-Jeanne-d'Arc,62 rue du General de Gaulle 77000 Melun
College Saint Michel de Saint Mande,10 ter rue Jeanne d'Arc 94160 Saint-Mande
Ecole Privee Pascal,33 boulevard Lannes 75116 Paris 16
Ecole Notre-Dame - Institution du Sacre-Coeur,2 rue du Gaizon 91620 La Ville-du-Bois
Lycee Prive et UFA Charles de Foucauld - Groupe Scolaire La Madone,5 rue de la Madone 75018 Paris 18
Ecole Saint-Joseph de Bellevue,29 rue Henri-Savignac 92190 Meudon
College Prive Sainte-Therese,3 rue Nicolas Potocki 78120 Rambouillet
Ecole Montessori Bilingue de Poissy,26 rue Saint-Barthelemy 78300 Poissy
Ecole Bilingue Chardin,7 Rue Chardin 75016 Paris 16
Lycee General et Technologique Prive Saint-Erembert,7 rue Salomon-Reinach 78100 Saint-Germain-en-Laye
Ecole Privee Catholique La Salle Notre-Dame de la Gare Sainte Jeanne D'Arc,20 rue de Domremy 75013 Paris 13
Ecole Primaire - Groupe Scolaire Sainte-Jeanne d'Arc,7 rue du Docteur Berger 92330 Sceaux
College Prive Cours Bautain - La Salle,13 rue Sainte-Marie 77230 Juilly
Apprentis d'Auteuil - Lycee Technologique Sainte-Therese,40 rue Jean de la Fontaine 75016 Paris 16
Lycee Saint Michel de Saint-Mande,10 ter rue Jeanne-d'Arc 94160 Saint-Mande
Internat du College et Lycee Saint-Martin-de-France,1 avenue de Verdun 95300 Cergy-Pontoise
Ecole Privee Sainte-Genevieve,12 rue de la Visitation 77109 Meaux
Cours Montaigne de Paris - Lycee Prive,1 rue Dupin 75006 Paris 06
College Prive Sainte-Marie,10 boulevard Gambetta 77000 Melun
College Prive Sainte-Elisabeth,112 rue de Lourmel 75015 Paris 15
CFA Cerfal - Campus Montsouris,2 rue Lacaze 75014 Paris 14
Apprentis d'Auteuil - College Poullart des Places,95 rue Paul Vaillant Couturier 94310 Orly
Ecole Privee Saint-Charles,2 rue Genevieve Anthonioz de Gaulle 91200 Athis-Mons
Ecole Privee Saint Thomas de Villeneuve,15 rue des Louviers 78100 Saint-Germain-en-Laye
Lycee Prive Notre Dame - Sainte Famille,106 boulevard Charles-de-Gaulle 95110 Sannois
Ecole Privee Sainte-Therese,27 rue Lachaux 78120 Rambouillet
College Prive du Sacre-Coeur - Institut Saint-Louis Saint-Clement,29 rue Chamberlin 91600 Savigny-sur-Orge
Ecole Privee Catholique du Sacre-Coeur,1 rue d'Estienne-d'Orves 94480 Ablon-sur-Seine
College Prive Saint-Charles Notre-Dame,15 rue Rene-Cassin 92500 Rueil-Malmaison
Lycee Prive Montalembert,238 boulevard Saint-Denis 92400 Courbevoie
Ecole Privee Sainte-Marie,223 rue Pierre-Curie 77190 Dammarie-les-Lys
"Ensemble Scolaire Maurice-Rondeau, Lycee et UFA",1 place du Clos Saint-Georges 77600 Bussy-Saint-Georges
Ecole Privee Saint-Joseph,14 rue du General Leclerc 91420 Morangis
UFA La Salle Igny,10 avenue de la Division Leclerc 91430 Igny
Apprentis d'Auteuil - Internat Educatif et Scolaire du College prive Saint-Jean,Rond-point de la Tour du Mail 95117 Sannois
Ecole Alsacienne - Lycee Prive,109 rue Notre-Dame-des-Champs 75006 Paris 06
Ecole Saint-Vincent-de-Paul,5 ruelle de La Demi-Lune 92260 Fontenay-aux-Roses
Ecole Primaire Privee Saint-Vincent-de-Paul,25 rue Albert Walter 93200 Saint-Denis
Campus Le Buat,21 rue du Buat 78580 Maule
Lycee Professionnel UFA Notre-Dame du Grandchamp,7 rue Joel le Theule 78180 Montigny-le-Bretonneux
Lycee Prive La Salle - Sainte Marie,3 bis chemin de la Messe 77140 Saint-Pierre-les-Nemours
Ecole Privee Sainte-Therese,7 quai Boissy-d'Anglas 78380 Bougival
Lycee Polyvalent La Salle Saint-Nicolas,19 rue Victor Hugo 92130 Issy-les-Moulineaux
ESCEJ - Etablissement Sacre-Coeur - Enfant Jesus,3 avenue de Valvins 77920 Samois-sur-Seine
Faculte de Droit (Universite Catholique de Lille) - Campus Issy-les-Moulineaux,35 rue Gabriel Peri 92130 Issy-les-Moulineaux
Lycee Prive Gregor Mendel,205 rue de Fontenay 94300 Vincennes
Les Cours Europeens,3 rue Servan 75011 Paris 11
Lycee Prive de l’ETSL - Ecole Technique Superieure du Laboratoire,95 rue du Dessous-des-Berges 75013 Paris 13
College Prive L'Ecole Maigret,24 rue de l'ingenieur Robert Keller 75015 Paris 15
Lycee Prive Notre-Dame Les Oiseaux,106 Grande-Rue 78480 Verneuil-sur-Seine
Lycee Polyvalent Prive Albert de Mun,2 rue d'Olivet 75007 Paris 07
Ecole Privee Blanche-de-Castille,19 rue Pasteur 78150 Le Chesnay-Rocquencourt
"Lycee General, Technologique et Professionnel Prive Saint-Thomas de Villeneuve",15 rue des Louviers 78100 Saint-Germain-en-Laye
"Lycee d'Enseignement General, Technologique et Professionnel Jean-Paul II",20 quai Pierre Brunel 78500 Sartrouville
Lycee Prive L'Ecole Maigret,24 rue de l'ingenieur Robert Keller 75015 Paris 15
Cours Montaigne de Paris - College Prive,1 rue Dupin 75006 Paris 06
Apprentis d'Auteuil - Lycee Professionnel et UFA Apprentissage Poullart des Places,3 boulevard de Stalingrad 94320 Thiais
Ecole Privee Saint-Charles Notre-Dame,7 Allee Jean Baptiste Lully 92500 Rueil-Malmaison
Ecole Privee de l'Institut Notre-Dame,65 avenue du General-Leclerc 92340 Bourg-la-Reine
123 mon ecole Boulogne-Billancourt,87 rue du chateau 92100 Boulogne-Billancourt
Ecole Privee Jeanne-d'Arc,44 rue Gabriel Peri 92120 Montrouge
Ecole Notre-Dame - Institut Saint-Paul,12 rue Jube de la Perelle 91410 Dourdan
Ecole Privee Saint Jean Hulst,16 rue Remilly 78000 Versailles
Internat de l'Ensemble Scolaire La Salle Igny,10 avenue de la Division Leclerc 91430 Igny
Ecole Privee Catholique Saint-Louis - Blaise-Pascal,6 rue de Verdun 94600 Choisy-le-Roi
Lycee Technique Prive Saint-Nicolas,92 rue de Vaugirard 75006 Paris 06
ETSL Ecole Technique Superieure du Laboratoire,95 rue du Dessous-des-Berges 75013 Paris 13
Lycee Professionnel Prive Ensemble Scolaire Sainte Catherine Laboure,29 rue Gassendi 75014 Paris 14
Cours Prive Valin,8 avenue Henri-Peuteuil 94430 Chennevieres-sur-Marne
Apprentis d'Auteuil - Ensemble Scolaire Saint-Philippe - College Saint-Philippe,1 rue du Pere Brottier 92190 Meudon
Lycee Technique Prive Saint-Aspais,36 rue Saint-Barthelemy CS 20179 77007 Melun
IFSI Franco-Britannique/Oeuvre du Perpetuel Secours,CNIT 3 2 place de la Defense 92800 Puteaux
Ecole Privee Saint-Joseph du Parchamp,6 rue du Parchamp 92100 Boulogne-Billancourt
College Prive Saint Jean Hulst,26 rue Marechal-de-Lattre-de-Tassigny 78000 Versailles
College Sainte Marie de Stains,7 rue Jean Chardavoine 93240 Stains
Ecole Privee Notre-Dame - Institut Notre-Dame St-Denis St-Clement,4 place de la Republique 91170 Viry-Chatillon
College Prive Saint-Vincent de Paul,18 boulevard Felix Faure 93200 Saint-Denis
L'Horizon,6-10 rue Paul Bert 92240 Malakoff
Apprentis d'Auteuil - Lycee Professionnel Sainte-Therese,40 rue Jean de La Fontaine 75016 Paris 16
Apprentis d'Auteuil - College Saint-Gabriel,21 rue de la Lisette 92220 Bagneux
College Prive Saint-Louis - Ensemble Scolaire Saint-Nicolas,92 rue de Vaugirard 75006 Paris 06
Ecole Primaire Sainte Marie des Batignolles - Ensemble Batignolles Epinettes,77 rue Truffaut 75017 Paris 17
Groupe Scolaire Saint-Vincent-de-Paul Paris 13 - Lycee Professionnel,49 rue Bobillot 75013 Paris 13
Notre-Dame du Grandchamp Lycee General - Lycee Technologique STMG,97 rue Royale 78009 Versailles
Lycee Prive Notre-Dame Providence,9 boulevard Sadi Carnot 95880 Enghien-les-Bains
College Prive Jeanne-d'Arc,11 boulevard Henri-IV 91150 Etampes
Lycee Prive Pascal,33 boulevard Lannes 75116 Paris 16
Internat de l'Institution Catholique d'Education de Fontainebleau (ICEF),"1 rue Saint-Merry, 18 bd Maginot 77300 Fontainebleau"
Ecole Privee - Ensemble Scolaire Saint Michel de Picpus,47 boulevard de Picpus 75012 Paris 12
Cours du Pont de Pierre,11 rue Pierre Villey 75007 Paris 07
Lycee Bossuet,12 rue de la Visitation 77109 Meaux
Lycee Saint-Francois d'Assise,6 place Claudel 78180 Montigny-le-Bretonneux
College Prive Catholique La Salle Notre-Dame de la Gare Sainte Jeanne D'Arc,20 rue de Domremy 75013 Paris 13
IPC - Facultes Libres de Philosophie et de Psychologie,70 avenue Denfert-Rochereau 75014 Paris 14
College Prive Sainte-Genevieve,15-19 rue Louis Blanc 95100 Argenteuil
Internat de l'Institution Saint-Stanislas,2 rue des Patis BP 13 95520 Osny
"Internat College, Lycees La Salle - Saint Nicolas / Residence etudiante",19 rue Victor Hugo 92130 Issy-les-Moulineaux
Ecole Primaire Privee Mixte Saint-Joseph,26 rue Godefroy 92800 Puteaux
Lycee General et Technologique Prive Ensemble Scolaire Sainte Catherine Laboure,29 rue Gassendi 75014 Paris 14
Lycee Saint-Vincent de Paul,18 boulevard Felix Faure 93200 Saint-Denis
Apprentis d'Auteuil - Ecole maternelle et elementaire Saint-Gabriel,21 rue de la Lisette 92220 Bagneux
Ecole Alsacienne - College Prive,109 rue Notre-Dame-des-Champs 75006 Paris 06
Lycee Professionnel Saint-Leon - Institution Saint-Spire,8 quai de l'Essonne 91100 Corbeil-Essonnes
Ecole Privee Notre-Dame,14 avenue Blanche-de-Castille 78300 Poissy
Ecole Privee du Cours Secondaire d'Orsay,11 rue Courtaboeuf 91400 Orsay
Ecole Privee Saint-Francois,40 bis rue Victor-Hugo 94700 Maisons-Alfort
Apprentis d'Auteuil - College Prive Saint-Pie X,2 route Strategique 95330 Domont
Lycee Prive - Ensemble Scolaire Saint Michel de Picpus,53 rue de la Gare de Reuilly 75012 Paris 12
Ecole Primaire Privee Saint-Pierre-de-Chaillot,10 rue Christophe Colomb 75008 Paris 08
Lycee Prive Saint-John Perse,14 rue Cavallotti 75018 Paris 18
Apprentis d'Auteuil - Ecole Hoteliere Sainte-Therese,40 rue Jean de La Fontaine 75016 Paris 16
Internat du Lycee Prive Ile-de-France,7 rue du Baron-de-Niviere 91140 Villebon-sur-Yvette
EURECOLE College Prive,34 avenue des Champs Elysees 75008 Paris 08
Ecole Privee de Maille,11 rue Octave du Mesnil 94000 Creteil
Ecole Privee Sainte-Therese,110 avenue du General de Gaulle 94700 Maisons-Alfort
College Prive Institution Sainte-Foy,12 et 14 rue des Capucins 77120 Coulommiers
Ecole Privee Jeanne-d'Arc,2 bis boulevard Toussaint-Lucas 95130 Franconville
Ecole maternelle et elementaire Sainte-Marie de Stains,7 rue Jean Chardavoine 93240 Stains
Apprentis d'Auteuil - College Saint-Jean,Rond-Point de la Tour du Mail 95117 Sannois
College Prive Jeanne d'Arc,44 rue Gabriel Peri 92120 Montrouge
College Prive Notre Dame de Sion,1 avenue Ratisbonne 91000 Evry-Courcouronnes
Ecole Privee Sainte-Elisabeth,112 rue de Lourmel 75015 Paris 15
Lycee Prive Cours Secondaire d'Orsay,11 rue Courtaboeuf 91400 Orsay
Apprentis d'Auteuil - Ecole Poullart des Places,95 avenue de la Paix 94310 Orly
Ecole Privee Saint-Joseph,22 rue Eugene Moutard Martin 91460 Marcoussis
Ecole Privee Montessori La Caravelle,18 rue Saint-Amand 75015 Paris 15
CFPP de la Pharmacie Paris Ile-de-France,59 rue Planchat 75020 Paris 20
Apprentis d'Auteuil - Internat Educatif Scolaire (IES) du Lycee Horticole et Paysager,53 avenue Massenat Deroche 91460 Marcoussis
College Prive Saint-Charles,2 rue Genevieve Anthonioz de Gaulle 91200 Athis-Mons
"EMC Ecole Superieure des Metiers de l'Image, du Son et de la creation 2D, 3D",10 rue Eugene Varlin 92240 Malakoff
Lycee Prive Saint-Aspais,36 rue Saint-Barthelemy CS 20179 77007 Melun
Ecole Privee Saint-Erembert,7 rue Salomon-Reinach 78100 Saint-Germain-en-Laye
"Ecole Privee, Ensemble Scolaire La Salle Igny",10 avenue de la Division Leclerc 91430 Igny
Lycee General et Technologique Prive Saint-Thomas de Villeneuve,15 rue des Louviers 78100 Saint-Germain-en-Laye
Groupe Scolaire Saint-Vincent-de-Paul Paris 13 - Lycee Professionnel,18 avenue Reille 75014 Paris 14
Lycee Prive Saint-Louis-Sainte-Clotilde,37 allee de la Fontaine 93340 Le Raincy
Internat du College Prive Moreau,28 Grande Rue 91310 Montlhery
Ecole Saint-Jean-Baptiste-de-Belleville,31 rue Clavel 75019 Paris 19
Lycee Internat Ile-de-France,7 rue du Baron-de-Niviere 91140 Villebon-sur-Yvette
Apprentis d'Auteuil - Internat Educatif et Scolaire Poullart des Places,5 boulevard de Stalingrad 94320 Thiais
Lycee General et Technologique Gregor Mendel,205 rue de Fontenay 94300 Vincennes
Lycee Polyvalent General Saint-Leon - Institution Saint-Spire,8 quai de l'Essonne 91100 Corbeil-Essonnes
College Prive Notre Dame - Sainte Famille,106 boulevard Charles-de-Gaulle 95110 Sannois
123 mon ecole Asnieres-sur-Seine,58 rue de la Sabliere 92600 Asnieres-sur-Seine
Lycee Notre-Dame de la Compassion - Louise Elisabeth Mole - Jouy-le-Moutier,37 rue des Valanchards 95280 Jouy-le-Moutier
LP Prive Saint-Vincent-de-Paul,18 boulevard Felix Faure 93200 Saint-Denis
College Prive Saint Francois d'Assise,45 avenue du Manet 78180 Montigny-le-Bretonneux
Campus Saint Thomas,2 avenue du President John Fitzgerald Kennedy 78100 Saint-Germain-en-Laye
Internat du Lycee Bossuet,12 rue de la Visitation 77109 Meaux
Internat de l'Ensemble Scolaire Saint-Charles,2 rue Genevieve Anthonioz de Gaulle 91200 Athis-Mons
Apprentis d'Auteuil - Campus educatif et ecologique Saint-Philippe - Lycee Horticole,1 rue du Pere Brottier 92190 Meudon
Lycee Professionnel Prive Saint Thomas de Villeneuve,15 rue des Louviers 78100 Saint-Germain-en-Laye
Lycee Blanche-de-Castille (ICEF),42 bis rue du Chateau 77300 Fontainebleau
College Prive Ensemble Scolaire Sainte Catherine Laboure,29 rue Gassendi 75014 Paris 14
UFA - Saint- Jean de Montmartre,31 rue Caulaincourt 75018 Paris 18
College Prive Catholique - Groupe Scolaire Notre-Dame-de-France,63 rue de la Sante 75013 Paris 13
Lycee Prive Morvan,68 rue de la Chaussee d'Antin 75009 Paris 09
Lycee Prive Catholique - Groupe Scolaire Notre-Dame-de-France,63 rue de la Sante 75013 Paris 13
ISFEC AFAREC IDF Ste Genevieve - Institut Superieur de Formation de l'Enseignement,39 rue Notre Dame des Champs 75006 Paris 06
College Prive Jeanne d'Arc,2 bis boulevard Toussaint-Lucas 95130 Franconville
Lycee Prive Jeanne-d'Arc,44 rue Gabriel Peri 92120 Montrouge
Eurecole,5 rue de Lübeck 75116 Paris 16
Cours du Pont de Pierre,22 Rue Vaugelas 75015 Paris 15
Ecole Alsacienne - Ecole Privee Maternelle et Primaire,109 rue Notre-Dame-des-Champs 128 rue d'Assas 75006 Paris 06
College Prive Les Vignes,21 rue de Louvain 92400 Courbevoie
College Prive Saint-Joseph,101 avenue Jean-Jaures 93300 Aubervilliers
Ecole Primaire Privee Catholique Mixte Le Rosaire,22 avenue des Arts 94100 Saint-Maur-des-Fosses
Lycee Prive Saint-Louis Saint-Clement,1 rue Margot 91170 Viry-Chatillon
Apprentis d'Auteuil - Internat Educatif et Scolaire du Lycee Professionnel et UFA,Rond Point du Tour du Mail 95117 Sannois
College Prive Mixte Mercier Saint-Paul,1 rue des Annonciades 78250 Meulan
LPO La Salle Saint-Nicolas,19 rue Victor Hugo 92130 Issy-les-Moulineaux
123 mon ecole Paris XV,28 rue Fremicourt 75015 Paris 15
Lycee Professionnel Gregor Mendel,205 rue de Fontenay 94300 Vincennes
"Ensemble Scolaire Maurice Rondeau, Lycee",1 place du Clos Saint-Georges 77600 Bussy-Saint-Georges
Ecole Nouvelle Privee Emilie Brandt,12 rue du Parc 92300 Levallois-Perret
Ecole Privee Sainte Marie - Institution Saint-Spire,43 rue Champlouis 91100 Corbeil-Essonnes
College Prive Moreau,28 Grande Rue 91310 Montlhery
Lycee et Unite de Formation d'Apprentis Jean Rose,20 rue de Chaage 77109 Meaux
College Prive Saint-Martin-de-France,1 avenue de Verdun 95300 Pontoise
College Prive Saint-Spire Senart - Institution Saint-Spire,33/35 Cote de l'Entre-Deux 91280 Saint-Pierre-du-Perray
College Prive Saint-Spire - Institution Saint-Spire,7 rue de la Quarantaine 91100 Corbeil-Essonnes
College Prive Catholique Notre Dame de la Compassion - Pontoise,8 place Nicolas-Flamel 95300 Pontoise
Lycee General et Technologique Prive Saint-Charles,2 rue Genevieve Anthonioz de Gaulle 91200 Athis-Mons
"Lycee Professionnel des metiers du commerce, de la gestion et du service aux entreprises",2 bis boulevard Toussaint-Lucas 95130 Franconville
Lycee Prive Charles de Foucauld - Groupe Scolaire La Madone,5 rue de la Madone 75018 Paris 18
College Prive Sainte-Therese,10 route de Levis Saint-Nom 78320 Le Mesnil-Saint-Denis
"IEA Institut Europeen des Affaires, Ecole Superieure de Management",8 Terrasse Bellini 92800 Puteaux
Apprentis d'Auteuil - Internat Educatif et Scolaire Saint-Philippe,1 rue du Pere Brottier 92190 Meudon
Apprentis d'Auteuil - Lycee Saint-Gabriel,21 rue de la Lisette 92220 Bagneux
Ecole Privee Moreau,28 Grande Rue 91310 Montlhery
College Saint Padre Pio (statut catholique hors contrat),36 rue de la Grande Ceinture 94100 Saint-Maur-des-Fosses
Ecole Jeanne d'Arc - Notre Dame,6 rue du General Colin 78400 Chatou
L'Ecole Heureuse,6 place de la Victoire 94480 Ablon-sur-Seine
College Internat Ile-de-France,7 rue du Baron-de-Niviere 91140 Villebon-sur-Yvette
"Ecole Maternelle et Elementaire Notre-Dame-de-Toutes-Graces, Ensemble Sainte-Marie",14 rue de la Cascade 94170 Le Perreux-sur-Marne
Ecole Privee Notre-Dame de Draveil,2 place Rouffy 91210 Draveil
Groupe Scolaire Saint-Vincent-de-Paul Paris 13 - College,49 rue Bobillot 75013 Paris 13
Ecole Prive Maternelle et Primaire Sainte Jeanne d'Arc,14 rue Alsace Lorraine 95260 Beaumont-sur-Oise
Apprentis d'Auteuil - Ecole Pier Giorgio Frassati,57 avenue de Lorraine 78110 Le Vesinet
Ecole du Sacre-Coeur Ensemble Scolaire Sainte Catherine Laboure,29 rue Gassendi 75014 Paris 14
College Prive de l'Institut Notre-Dame,65 avenue du General-Leclerc 92340 Bourg-la-Reine
"Ecole Maternelle et Primaire Privee Sainte-Marthe, Ensemble Batignolles Epinettes",5 bis rue Lacaille 75017 Paris 17
College Prive - Groupe Scolaire Sainte-Jeanne d'Arc,27 rue des Imbergeres 92330 Sceaux
Ecole Privee Saint-Louis-Sainte-Clotilde,16 allee des Hetres 93340 Le Raincy
"College Prive, Ensemble Scolaire La Salle Igny",10 avenue de la Division Leclerc 91430 Igny
College Prive Pascal,33 boulevard Lannes 75116 Paris 16
Maternelle et Ecole Privee Cours Bautain - La Salle,13 rue Sainte-Marie 77230 Juilly
Apprentis d'Auteuil - Campus educatif et ecologique Saint Philippe - BTS,1 rue du Pere Brottier 92190 Meudon
Etablissement Prive Saint-Joseph,2 place de l'Eglise 78700 Conflans-Sainte-Honorine
Lycee Prive Polyvalent Notre Dame de Sion,1 avenue Ratisbonne Evry 91000 Evry-Courcouronnes
College du Luat,Chateau du Luat Chemin de la Baronne 95350 Piscop
Ecole Privee Jeanne-d'Arc,11 boulevard Henri-IV 91150 Etampes
Ecole Privee Saint-Laurent,184 rue Lafayette 75010 Paris 10
Ecole Privee du Sacre-Coeur - Institut Saint Louis & Saint Clement,29 rue Chamberlin 91600 Savigny-sur-Orge
College Prive Saint-Louis Saint-Clement,1 rue Margot 91170 Viry-Chatillon
Ecole Privee Mixte Mercier Saint-Paul,72 rue Gambetta 78250 Meulan
Lycee Prive Rocroy Saint-Vincent de Paul,9 rue Petrelle 75009 Paris 09
Ecole Privee Sainte-Suzanne,3 avenue du Marechal Foch 91400 Orsay
College Prive Catholique Sainte-Therese,110 avenue du General-de-Gaulle 94700 Maisons-Alfort
Ecole Privee Catholique Saint Bernard - Sainte Marie,11 rue Saint Bruno 50 rue Stephenson 75018 Paris 18
Apprentis d'Auteuil - Internat Educatif et Scolaire du Lycee Horticole et Paysager,Rond Point du Tour du Mail 95117 Sannois
Lycee Prive Jeanne-d'Arc,11 boulevard Henri-IV 91150 Etampes
Ecole Privee Notre Dame,9-11 place Henri-Barbusse 94380 Bonneuil-sur-Marne
Apprentis d'Auteuil - Campus educatif et ecologique Saint-Philippe - Lycee Professionnel,1 rue du Pere Brottier 92190 Meudon
College Prive Notre-Dame Les Oiseaux,106 Grande-Rue 78480 Verneuil-sur-Seine
CPGE - Ensemble Scolaire Saint Michel de Picpus,53 rue de la gare de Reuilly 75012 Paris 12
Ecole Privee Sainte-Marie,99 rue de l'Eglise 77115 Sivry-Courtry
Groupe Scolaire Saint-Vincent-de-Paul Paris 13 - Ecole Primaire,109 rue Bobillot 75013 Paris 13
College Prive Saint-Erembert,7 rue Salomon-Reinach 78100 Saint-Germain-en-Laye
College Prive du Sacre-Coeur,3 rue des Bourdonnais 78000 Versailles
College Prive Rocroy Saint-Vincent de Paul,106 rue du Faubourg Poissonniere 75010 Paris 10
Lycee Professionnel de la Communication et des Industries Graphiques,2 rue des Patis 95520 Osny
Lycee Prive Saint-Martin-de-France,1 avenue de Verdun 95300 Pontoise
College Prive Marie-Therese,5 rue de Rouen 95420 Magny-en-Vexin
"Internat de l'Ecole, College et Lycee Pascal",33 boulevard Lannes 75116 Paris 16
Lycee d'Enseignement General Prive Blanche-de-Castille,1 avenue de la Breteche 78150 Le Chesnay-Rocquencourt
College Prive de Maille,11 rue Octave du Mesnil 94000 Creteil
Notre-Dame du Grandchamp Pole d’Enseignement Superieur,97 rue Royale 78009 Versailles
College Prive Morvan,68 rue de la Chaussee d'Antin 75009 Paris 09
Apprentis d'Auteuil - Lycee General et Technologique Saint-Gabriel,21 rue de la Lisette 92220 Bagneux
Internat du Lycee Notre-Dame Les Oiseaux,106 Grande Rue 78480 Verneuil-sur-Seine
Apprentis d'Auteuil - Lycee Professionnel Saint-Jean,Rond-Point de la Tour du Mail 95110 Sannois
College Prive du Cours Secondaire d'Orsay,11 rue Courtaboeuf 91400 Orsay
Lycee Institut du Marais Charlemagne Cours Polles,9 rue Dieu 75010 Paris 10
ESHP Ecole Superieure Hoteliere de Paris,9 rue Saint-Lambert 75015 Paris 15
Ecole Primaire Privee Sainte-Marie,71 rue Saint-Honore 77300 Fontainebleau
College Prive Therese-Chappuis,52 rue Vaneau 75007 Paris 07
Lycee Prive des Petits Champs,28 rue du Plateau 75019 Paris 19
CIED Ecole Universelle,139 avenue Jean Jaures 75019 Paris 19
Lycee Maigret,24 r de l'Ing Robert Keller 75015 Paris 15
UTEC Hotellerie Restauration,Boulevard Olof Palme Emerainville 77436 Marne-la-Vallee
UFCV Centre de Formation,1 villa des Pyrenees 75020 Paris 20
Ecole Primaire Privee Notre Dame Saint Roch,37 rue Saint-Roch 75001 Paris 01
ECS European Communication School,9 rue Lekain 75016 Paris 16
Ecole Montessori Bilingue de Levallois-Perret,6 rue Barbes 92300 Levallois-Perret
ESCEN Paris,66 avenue du Maine 75014 Paris 14
Ecole Montessori Bilingue de Rueil Malmaison,4 bis avenue de l'Imperatrice Josephine 92500 Rueil-Malmaison
College Tebrotzassere,1 boulevard du Nord 93340 Le Raincy
Ecole Privee Esthetique Camille Seline,Hall C 6 avenue Charles de Gaulle Le Chesnay 78150 Le Chesnay-Rocquencourt
Cours du Hameau,19 rue Jean-Francois Marmontel 94320 Thiais
ECE Tech Ecole du Numerique,Campus Eiffel 10 rue Sextius Michel 75015 Paris 15
College Prive Francoise Cabrini,20 rue du Docteur Sureau 93160 Noisy-le-Grand
Autograf,35 rue Saint Blaise 75020 Paris 20
Ecole Internationale Trilingue,32 rue de Vaureal 95000 Cergy
Lycee Prive Sainte-Genevieve,2 rue de l'Ecole des Postes 78000 Versailles
ORT Ecole de Travail - CFA,4 bis rue des Rosiers 75004 Paris 04
College Ozar Hatorah Garcons,2 voie Felix Eboue 94000 Creteil
College Prive Sainte-Therese,11 rue Kleber 78800 Houilles
Ecole Privee Sainte-Jeanne d'Arc,2 rue de l'Aitre 91290 Arpajon
Ecole Jardin d'Enfants des Nations Unies,40 rue Pierre Guerin 75016 Paris 16
AICOM Paris Academie internationale de Comedie Musicale,10 rue Albert Einstein 94000 Creteil
Pole Paris Alternance,5 rue Lemaignan 75014 Paris 14
Lycee prive Beth Hanna,49-51 rue Petit 75019 Paris 19
Ecole Internationale Bilingue Monceau,6 avenue Van Dyck 75008 Paris 08
Ecole Privee Fidelis,19 rue Saint Denis 93100 Montreuil
Ecole Privee Sainte-Celine,29 rue Pierre Marx 77262 La Ferte-sous-Jouarre
AIM Academie Internationale de Management (management hotelier),2 rue Charbonnel 75013 Paris 13
La Fabrique - ESIV Ecole Superieure des Industries du Vetement,8 avenue de la Porte de Champerret 75017 Paris 17
Ecole Montessori Bilingue d'Andresy,1 rue Pasteur 78570 Andresy
Ecole Privee d'Esthetique et de Cosmetologie Francoise-Morice,27 rue Vernet 75008 Paris 08
Ecole Internationale de Coiffure,45 rue de Montreuil 75011 Paris 11
Lycee General et Technologique Francoise Cabrini,20 rue du Docteur Sureau 93160 Noisy-le-Grand
Ecole Petit Cours,18 rue du Lieutenant Dagorno 94440 Villecresnes
Lycee Technique Robert Schuman,5 avenue du General de Gaulle 93440 Dugny
Ecole Privee d'Esthetique et de Cosmetologie Francoise-Morice,42 avenue Kleber 75116 Paris 16
CFA de la Poissonnerie,1 rue de la Rochelle 94569 Rungis
Ecole Montessori Internationale Le Kaleidoscope,16 rue Jules Valles 94600 Choisy-le-Roi
Ecole Maison des Enfants,105 rue Emile Beaufils 93100 Montreuil
"IONIS School of Technology and Management, IONIS Education Group",24 rue Pasteur 94270 Le Kremlin-Bicetre
Ecole Montessori Internationale Les Rayons de Soleil,31 rue de Paris 78600 Maisons-Laffitte
College Prive Hautefeuille,63-65 rue Armand Silvestre 92400 Courbevoie
EAP Prepaseine - Infoseine,10 bis rue de Seine 75006 Paris 06
Ecole Privee Saint-Andre,5 place de l'Ancien Marche 94130 Nogent-sur-Marne
Groupe Educactive Ecole Primaire,32 avenue de Valenton 94190 Villeneuve-Saint-Georges
ICAM Site de Grand Paris Sud,Carre Senart 34 Points de Vue 77127 Lieusaint
College Prive Sainte-Jeanne-d'Arc,7 rue de Rueil 92310 Sevres
Apprentis d'Auteuil - College Pere Jacques,Rue de Provins 77174 Villeneuve-le-Comte
Completude,133 avenue Charles de Gaulle 92200 Neuilly-sur-Seine
College Prive Mixte Saint-Georges,19 rue Bouret 75019 Paris 19
Ecole Privee Saint-Francois d'Assise,6 rue Hippolyte Maze 78220 Viroflay
EDHEC Business School,16-18 rue du 4 septembre 75002 Paris 02
EBI Ecole de Biologie Industrielle,49 avenue des Genottes 95800 Cergy-Pontoise
IGECOM,9 ter rue de Limoges 78000 Versailles
Ecole de Dessin Technique et Artistique Sornas (EDTA Sornas),108 rue Saint-Honore 75001 Paris 01
Ecole Privee Saint-Benoist de l'Europe,39-46 rue Malmaison 93170 Bagnolet
"Groupe Scolaire Jeanne-d'Arc, College",2-14 avenue du Repos 94270 Le Kremlin-Bicetre
StudioCrea Paris,11 rue de l'Arsenal 75004 Paris 04
Ecole Privee Sainte-Marie,15 rue Beranger 78170 La Celle-Saint-Cloud
Ecole Privee Catholique Saint-Louis,10 rue de la Citadelle 95300 Pontoise
Ecole Privee Maternelle et Primaire Timothee,89 rue Andre Tessier 94120 Fontenay-sous-Bois
Ecole Privee du Sacre-Coeur,10 rue Christophe de Saulx 91310 Montlhery
College La Salle Passy Buzenval,50 avenue Otis Mygatt 92500 Rueil-Malmaison
ESHOTEL,Immeuble Antares 76 rue Villeneuve 92110 Clichy
Ecole Privee Catholique Sainte-Ernestine,17 Grande-Rue 91510 Lardy
Lycee Eugene Napoleon St Pierre Fourier,13 rue de Prague 75012 Paris 12
Internat Formation Preparatoire IFSI Diaconesses de Reuilly,95 rue de Reuilly 75012 Paris 12
CFATL Centre de Formation d'Apprentis du Transport et de la Logistique,43 rue du General-de-Gaulle 78490 Le Tremblay-sur-Mauldre
Ecole First Steps,7 bis rue Emile Duclaux 75015 Paris 15
Ecole Privee Sainte-Marie,8 place de Vaucelles 95150 Taverny
Ecole Primaire Privee Sainte-Genevieve,72 rue Volant 92000 Nanterre
Lycee Notre Dame Sainte-Croix,30 avenue du Roule 92200 Neuilly-sur-Seine
IPSO Academie d'Art Dentaire Isabelle Dutel,41 place Jules Ferry 92120 Montrouge
IFA Paris International Fashion Academy,18 quai de la Marne 75019 Paris 19
Lycee Prive Saint Sulpice,68 rue d'Assas 75006 Paris 06
Lycee de l'Ensemble Scolaire Saint-Benoist de l'Europe,82 avenue Gambetta 93170 Bagnolet
Sciences U,11-13 rue Camille Pelletan 92120 Montrouge
SIGMA 3,24 rue du Dragon 75006 Paris 06
IFAG Ecole de Management Paris Ile-de-France,61 bis Rue des Peupliers 92100 Boulogne-Billancourt
Ecole Primaire Privee Notre Dame,22-24 rue Guynemer 94160 Saint-Mande
Ecole Steiner Jardin d'enfants Primaire,62 rue de Paris Amblainvilliers 91370 Verrieres-le-Buisson
College Prive Massillon,2 bis quai des Celestins 75004 Paris 04
Silvya Terrade Paris (ex Ecole Regine Ferrere),6 rue Paul Baudry 75008 Paris 08
CEDEFI-LIDEC L'Institut des Etudes Comptables,12 avenue des Pres BL 501 78180 Montigny-le-Bretonneux
MBway Management and Business School,38 rue Anatole France 92300 Levallois-Perret
Douce Maternelle,52 rue Broca 75005 Paris 05
College Prive Fenelon,1 rue de Montauban 93410 Vaujours
A.I.D.A.S. Academie Internationale Des Arts du Spectacle,20 rue Montbauron 78000 Versailles
College Prive Saint-Pierre,70 rue de Montgeron BP 201 91801 Brunoy
H3 Campus,35 rue de Clichy 75009 Paris 09
Institut Superieur du Transport et de la Logistique Internationale,ZA 15 rue de la Mare Blanche 77186 Noisiel
Ecole Privee Saint-Yves,3 rue Danielle Mitterrand 93120 La Courneuve
L'ETSUP Ecole Superieure de Travail Social,8 villa du Parc Montsouris 75014 Paris 14
Groupe Educactive Lycee,32 avenue de Valenton 94190 Villeneuve-Saint-Georges
ESTBA Ecole Superieure des Techniques de Biologie Appliquee,56 rue Planchat 75020 Paris 20
Ecole Montessori Esprit d'Eveil,8 route Strategique 95240 Cormeilles-en-Parisis
College Henri Matisse,88 B rue Jules Guesde 93100 Montreuil
EMIT Ecole Montessori Internationale Trilingue,12-14 avenue Victor Hugo 94130 Nogent-sur-Marne
Ecole Saint-Hilaire,82 rue Bonaparte 75006 Paris 06
Lycee American School of Paris,41 rue Pasteur 92210 Saint-Cloud
ISO Institut Superieur d'Optique,45 rue de Lourmel 75015 Paris 15
L'EA - Tecomah,Chemin de l'Orme Rond BP 56 78356 Jouy-en-Josas
GOBELINS Ecole de l'Image Site de Noisy,ZI des Richardets 11 rue du Ballon 93165 Noisy-le-Grand
IICP Ecole de Communication et Journalisme,59 rue Nationale 75013 Paris 13
ISIT Paris,23 avenue Jeanne d'Arc 94100 Arcueil
"Sevigne, College",28 rue Pierre Nicole 75005 Paris 05
Ecole Privee Notre-Dame,5 rue de la Sangle 78200 Mantes-la-Jolie
Institut Superieur du Droit,15 rue des Sablons 75016 Paris 16
Ecole A.P.E.,32 rue Cassette 75006 Paris 06
Lycee EIB Etoile,9 rue Villaret de Joyeuse 75017 Paris 17
Lycee Professionnel Les Sinoplies,10B rue Joseph Bodin-de-Boismortier 77680 Roissy-en-Brie
CEPHI Centre d'Etudes Philosophiques,115/117 rue Notre-Dame-des-Champs 75006 Paris 06
Institut de Formation en Soins Infirmiers des Diaconesses de Reuilly,95 rue de Reuilly 75571 Paris 12
Ecole Privee Primaire Sainte Elisabeth de Plaisance,12 rue Croce Spinelli 75014 Paris 14
Institution Sainte-Marie d'Antony,2 rue de l'Abbaye 92160 Antony
IFEC Institut Franco-Europeen de Chiropratique,24 boulevard Paul Vaillant Couturier 94200 Ivry-sur-Seine
"Ensemble Scolaire Prive Mixte Catholique Albert-de-Mun, Lycee",5 avenue Georges Clemenceau 94130 Nogent-sur-Marne
Groupe Scolaire Sainte Jeanne Elisabeth,92 rue de Sevres 75007 Paris 07
Dual Diploma Academica,47 rue de Chaillot 75016 Paris 16
ISRP Institut Superieur de Reeducation Psychomotrice,19-25 rue Gallieni 92100 Boulogne-Billancourt
"Ensemble Scolaire Saint-Laurent La Paix Notre-Dame, Ecole",47 rue Saint-Laurent 77400 Lagny-sur-Marne
Ecole de Coiffure Formul'Academie,"Vog Academy, Hotel Mariott 17 boulevard Saint-Jacques 75014 Paris 14"
Groupe EAC Paris,33 rue La Boetie 75008 Paris 08
Ecole Privee Notre-Dame,39-41 rue Saint-Lazare 95290 L'Isle-Adam
"Sevigne, Lycee d'enseignement general",28 rue Pierre Nicole 75005 Paris 05
Ecole Privee Sainte-Marie,84 rue Victor Basch 94320 Thiais
ABD - Academie de Bande Dessinee DELCOURT,77 avenue de la Republique 75011 Paris 11
"Groupe Scolaire Prive Catholique Saint-Joseph La Salle, Lycee",12 avenue du 8 Mai 1945 93500 Pantin
LEGTP Institut Superieur Cloriviere (anciennement Institut Rue Monsieur),119 boulevard Diderot 75012 Paris 12
Lycee L'Ecole Heureuse,6 place de la Victoire 94480 Ablon-sur-Seine
Internat du Campus Le Buat,21 rue du Buat 78580 Maule
College Charles-Peguy,216 avenue Henri-Barbusse 93000 Bobigny
College Cohen-Tenoudji,1 bis avenue de l'Armee-Leclerc 91600 Savigny-sur-Orge
Lycee Prive Saint-Sulpice,68 rue d'Assas 75006 Paris 06
Institut Superieur d'Esthetique Dietetique,254 rue du Faubourg Saint Martin 75010 Paris 10
"Ecole Speciale des Travaux Publics, du Batiment et de l'Industrie (ESTP Paris)",Campus de Cachan 28 avenue du President Wilson 94234 Cachan
Ecole Rainbow School Paris,7 avenue de Charlebourg 92250 La Garenne-Colombes
Cours Spinoza,22 rue du Sergent Bauchat 75012 Paris 12
Groupe IGS Institut de Gestion Sociale,12 rue Alexandre Parodi 75010 Paris 10
Lycee EIB The Victor Hugo School,23 rue de Cronstadt 75015 Paris 15
Lycee General et Technologique Sainte-Genevieve,64 rue d'Assas 75006 Paris 06
"ENSIATE - ENseignement Superieur d'Ingenierie Appliquee a la Thermique, l'Energie",Immeuble 24 quai Gallieni 2 rue du Port aux Vins 92150 Suresnes
Ecole Privee Saint-Paul,81 rue Jean Pierre Timbaud 75011 Paris 11
Academie Guinot Mary Cohr,52-52 bis rue Laffitte 75009 Paris 09
Ecole Privee Saint-Thomas-de-Villeneuve,1 boulevard du General Gallieni 94360 Bry-sur-Marne
"Groupe scolaire Alliance Rachi, Ecole",2-6 rue Emile Borel 75017 Paris 17
Institution Notre-Dame de France,5 avenue Arblade 92240 Malakoff
Groupe Promotrans,Rue Ferme St Simon 95500 Gonesse
Ecole Maria Montessori Internationale 91,3 place du General de Gaulle 91000 Evry-Courcouronnes
"The British School of Paris, College",38 quai de l'Ecluse 78290 Croissy-sur-Seine
Ecole Privee Institution Sainte-Marie,17 rue Edgar-Quinet BP 13 93351 Le Bourget
Association pour la Formation de la Biologie et de la Biochimie,9 bis rue Gerando 75009 Paris 09
Ecole de Psychologues Praticiens,23 rue du Montparnasse 75006 Paris 06
Ecole Primaire Privee Sainte-Marthe,33 ter rue Gabrielle Josserand 93500 Pantin
CMH Paris Ecole de Management Hotelier,52 rue Saint-Lazare 75009 Paris 09
Lycee Prive Mixte Sainte Jeanne-Elisabeth,8 rue Maurice-de-la-Sizeranne 75007 Paris 07
College Beth Rivkah,43-49 rue Raymond Poincare 91330 Yerres
"Groupe Scolaire Maimonide-Rambam, Lycee",11 rue des Abondances 92100 Boulogne-Billancourt
INTEGRALE Prepa,64 bis rue du Rocher 75008 Paris 08
Ecole Privee Saint-Joseph,1 rue du Bac 92600 Asnieres-sur-Seine
Ecole Privee Sainte-Genevieve,65 rue du Cardinal Lemoine 75005 Paris 05
Ecole Privee Saint-Germain,103 rue Sadi Carnot 93700 Drancy
LP Polyvalent Catholique Saint-Francois-d'Assise,33 bis - 35 rue Boris-Vilde 92260 Fontenay-aux-Roses
College Saint-Dominique,18-20 avenue Charles De Gaulle 78230 Le Pecq
MBS Medicis,5 rue des Reculettes 75013 Paris 13
Externat Prive Sainte-Anne,8 a 12 rue de la Tour 78360 Montesson
ESI Ecole superieure de l'immobilier,20 ter rue de Bezons 92415 Courbevoie
Lycee Suger Bilingue,27 rue Diderot 78100 Saint-Germain-en-Laye
College Sainte Louis de Marillac,3 boulevard du Nord 93340 Le Raincy
ENGDE Ecole Superieure de Gestion-Expertise Compable,8-14 passage de la Main d'Or 75011 Paris 11
UTEC Formation Continue,Boulevard Olof Palme Emerainville 77436 Marne-la-Vallee
Ecole Primaire Privee Saint-Dominique,23 quater boulevard d'Argenson 92200 Neuilly-sur-Seine
Ecole Privee Notre Dame de la Providence,41 rue de Fontenay 94300 Vincennes
L'EA Gennevilliers,40 avenue Marcel Paul 92230 Gennevilliers
IFCP Institut de Formation Cergy-Pontoise,Parc des Bethunes Allee des Trois Caravelles 95310 Saint-Ouen-l'Aumone
Ecole Privee Jeanne-d'Arc,31 rue Alfred Leblanc 91220 Bretigny-sur-Orge
Internat du College Les Institutions Beth Rivkah,43-51 rue Raymond Poincare 91330 Yerres
Ecole Privee Charles-de-Foucauld,12 rue des Jonquilles 75014 Paris 14
Ecole Privee Ifea Emilie du Chatelet,28 rue Petit 92110 Clichy
Lycee Notre Dame de Sainte-Croix,30 avenue du Roule 92200 Neuilly-sur-Seine
College Prive Notre-Dame-des-Oiseaux,12 rue Michel-Ange 75016 Paris 16
Ecole Les Petites Dragons,29 rue Truffaut 75017 Paris 17
L'Arbre Bleu Ecole Montessori,Abbaye ND de la Roche 3 route D58 78320 Levis-Saint-Nom
"EPH Ecole de Communication, Evenementiel et Tourisme",15 avenue de la Grande Armee 75116 Paris 16
EFHT Ecole Superieure de Tourisme,104 boulevard Arago 75014 Paris 14
Ecole Pratique du Tourisme EPT/IFAV,43 rue du General-de-Gaulle 78490 Le Tremblay-sur-Mauldre
SUP des RH,54 bis rue Dombasle 75015 Paris 15
Lycee Prive Notre-Dame-de-Boulogne,1 avenue Charles-de-Gaulle 92100 Boulogne-Billancourt
"British School of Paris, maternelle et primaire",38 quai de l'Ecluse 78290 Croissy-sur-Seine
College Education et Savoir,44 rue Marcel Grosmenil 94800 Villejuif
College Prive Suger,8 rue Yves du Manoir 92420 Vaucresson
College Saint-Bernard,5 rue de Chaponval 78870 Bailly
Teilhard de Chardin,2 place d'Armes 94100 Saint-Maur-des-Fosses
College Prive Mixte Saint Ambroise,11 passage Saint-Ambroise 75011 Paris 11
Cours Galien,50 boulevard de Menilmontant 75020 Paris 20
ORT Lycee Polyvalent,32 avenue de Choiseul 95400 Villiers-le-Bel
Lycee Claude-Nicolas Ledoux - E.B.T.P.,30-32 rue de la Paix 18 bis rue de Belfort 94307 Vincennes
EPPA - Ecole de Preparation a la Pratique des Affaires,14 boulevard Gouvion-St-Cyr 75017 Paris 17
Education First,5 avenue de Provence 75009 Paris 09
Maison Familiale du Moulin de la Planche,45 route d'Artondu 91150 Ormoy-la-Riviere
"Ecole Nouvelle La Source, ecole maternelle et elementaire",11 rue Ernest-Renan 92190 Meudon
Ecole Privee des Francs Bourgeois,21 rue Saint-Antoine 75004 Paris 04
Ecole Montessori Bilingue Smiles'n Kids,68 rue Marcel Miquel 92130 Issy-les-Moulineaux
CFA de la Navigation Interieure,43 rue du General-de-Gaulle BP 51 78490 Le Tremblay-sur-Mauldre
IMA du pays de Meaux - CMA 77,51 avenue des Sablons Bouillants 77124 Chauconin-Neufmontiers
"Ensemble Scolaire Sainte-Therese, Campus Sainte-Therese",Avenue Erasme Rond-Point de l'Europe CS 20294 77837 Ozoir-la-Ferriere
College Ecole Steiner,62 rue de Paris Amblainvilliers 91370 Verrieres-le-Buisson
Lycee General et Technologique Passy-St Honore,117 avenue Victor-Hugo 75116 Paris 16
College Prive de l'Alma,12 avenue Bosquet 75007 Paris 07
Ecole Privee Dupanloup,4 avenue Robert Schuman 92100 Boulogne-Billancourt
Lycee Prive Bernard-Palissy,2 rue Merciere 94470 Boissy-Saint-Leger
Cinetic-Sante,39 B rue Leon Martine 92290 Chatenay-Malabry
Ecole Montessori Internationale Jardin du Luxembourg,247 rue Saint Jacques 75005 Paris 05
"Ensemble Scolaire Saint-Laurent La Paix Notre-Dame, Lycee",43 rue Brebion 77400 Lagny-sur-Marne
Ecole Privee Sainte Marguerite,16 rue Basfroi 75011 Paris 11
Lycee General Saint-Pierre,70 rue de Montgeron BP 201 91801 Brunoy
L'Autre Ecole Boulogne,175 rue d'Aguesseau 92100 Boulogne-Billancourt
ISEFAC Alternance,20 rue de Chabrol 75010 Paris 10
ESCG Ecole Superieure de Comptabilite et Gestion,52 rue du Theatre 75015 Paris 15
CFAI AFORP - CFIT AFORP,Rue de la Butte 93700 Drancy
Ecole M,5 rue Andre Lefebvre 75015 Paris 15
Ecole Internationale Malherbe,19 rue du 11 novembre 1918 78110 Le Vesinet
Ecole Elysees Marbeuf,64 Bis rue de la Boetie 75008 Paris 08
EBS Paris,10 rue Sextius Michel 75015 Paris 15
UFA Sainte Louise de Marillac,3 boulevard du Nord 93340 Le Raincy
Groupe Scolaire Saint-Joseph Sainte-Marie College Sainte-Marie,10 rue Hevin 92140 Clamart
CHEC Centre des Hautes Etudes de la Construction,1 rue Paul Bert 94110 Arcueil
Ecole Montessori bilingue La Maison des Enfants,1050 rue Lady Ashburton 95150 Taverny
CFA Proprete inhni Ile de France,34 boulevard Maxime Gorki 94808 Villejuif
Ecole Jeannine Manuel,15 rue Edgar Faure 75015 Paris 15
Ecole Claude Bernard,34 rue de la Clef 75005 Paris 05
Ecole CERENE,4 rue Joseph Monier 92500 Rueil-Malmaison
Institut F2i,10 cours Louis Lumiere 94300 Vincennes
College de Grivery,2 impasse du Vieux Puits 91940 Gometz-le-Chatel
"College Prive Saint-Jean-de-Passy, Unite Saint-Jean",72 rue Raynouard 75016 Paris 16
Academie Charpentier,2 rue Jules-Chaplain 75006 Paris 06
Ecole Centre de Rencontres Enfantines Montessori,10 chemin du Vivier 78310 Maurepas
Ecole Privee Catholique Les Sources,Quartier des Pres 13-14 allee des Romarins 78180 Montigny-le-Bretonneux
ITIC PARIS Institut des Techniques Informatiques et Commerciales,190 bis boulevard de Charonne 75020 Paris 20
ESIEE Paris,Cite Descartes 2 boulevard Blaise-Pascal BP 99 93162 Noisy-le-Grand
The American University of Paris,4 rue Colonel Combes 75007 Paris 07
College CERENE,71 rue de Paris 91110 Clichy
PREPAMATH,124 Rue Vieille du Temple 75003 Paris 03
Ecole Privee Notre Dame de Sainte-Croix,44 boulevard Victor Hugo 92200 Neuilly-sur-Seine
ISTEC Ecole Superieure de Commerce et de Marketing,128 Quai de Jemmapes 75010 Paris 10
VHS Business School,26 avenue Victor Hugo 75116 Paris 16
IFSI MGEN La Verriere,13 avenue de Montfort 78320 La Verriere
"Centre medico-social Lecourbe, College specialise Fondation Saint-Jean-de-Dieu",205 rue de Javel 75015 Paris 15
ISP Paris Institut Superieur de preparation,18 rue de Varenne 75007 Paris 07
College Saint-Dominique,18-20 avenue Charles-de-Gaulle 78230 Le Pecq
Cours Fides Beausejour,23 boulevard de Beausejour 75016 Paris 16
Lycee IPECOM Paris,8 rue Benjamin-Godard 75116 Paris 16
"College Groupe Scolaire de L'Alliance, College",35 allee Robert Estienne 93320 Les Pavillons-sous-Bois
"Ecole Montessori Prunelle School, maternelle et elementaire",18-22 rue Camille Pelletan 92300 Levallois-Perret
Ecole Privee Catholique Saint-Joseph,15 boulevard Charpentier 77400 Lagny-sur-Marne
Academie Internationale de Coupe de Paris,41 boulevard du General Martial Valin 75015 Paris 15
Lycee Prive Saint-Jean-de-Passy - CPGE,72 rue Raynouard 75016 Paris 16
Ecole Hoteliere ECOFIH,79 rue de Paris 93000 Bobigny
Ecole Internationale TUNON,164 rue du Fbg-Saint-Honore 75008 Paris 08
Ecole Primaire Privee David Tsemah,1 domaine du Vignois 77440 Armentieres-en-Brie
Centre Montessori Bilingue Etre et decouvrir,13 bis rue Lecoq BP 42 78860 Saint-Nom-la-Breteche
Lycee Prive Notre-Dame des Oiseaux,12 rue Michel-Ange 75016 Paris 16
College Prive Notre-Dame des Vertus,11 rue des Noyers 93300 Aubervilliers
ICOP Institut de Chimie et Oenologie,33 avenue Philippe Auguste 75011 Paris 11
Institut de Theologie Orthodoxe Saint-Serge,93 rue de Crimee 75019 Paris 19
Ecole Foyer La Maison,1 rue Louis Massotte 78530 Buc
Maison Familiale du Moulin de la Planche,45 rue d'Artondu 91150 Ormoy-la-Riviere
"Saint-Germain de Charonne-La Salle, College Prive",3 rue des Prairies 75020 Paris 20
IFSI de la CRF Suzanne Perouse de Paris Croix-Rouge Francaise,98 rue Didot 75014 Paris 14
L'Ecole de la Maille de Paris,51 rue des Poissonniers 75018 Paris 18
"ENSUP Business School, Saint-Quentin-en-Yvelines",1 Square Benjamin Franklin 78180 Montigny-le-Bretonneux
College Prive Saint-Augustin,39 rue Grande-Fontaine 78100 Saint-Germain-en-Laye
Weller International Business School,23 bis rue Guillaume Tell 75017 Paris 17
Ecole Centrale de Puericulture Paul Strauss,13 boulevard Lefebvre 75015 Paris 15
College Prive Les Petits Pas,12 chaussee Jules Cesar BP 70420 95220 Osny
Rocket School,46 rue Rene Clair 75018 Paris 18
College Institution Saint-Pie X,19 rue des ecoles 92210 Saint-Cloud
Ecole Privee Sainte-Odile,15 route de la Passerelle 78110 Le Vesinet
College Prive Notre-Dame,5 rue de la Sangle 78200 Mantes-la-Jolie
Lycee Professionnel Jeanne la Lorraine,3 boulevard du Nord 93340 Le Raincy
College Cours Sainte-Anne,76 rue Saint-Lazare 75009 Paris 09
Lycee Prive Saint-Thomas d'Aquin,44 rue de Grenelle 75007 Paris 07
Ecole Privee Sainte-Genevieve,1 route de Versailles 78560 Le Port-Marly
IHEDRA - L'Ecole du Management des Territoires et de l'Agrobusiness,70 rue Marius Aufan 92300 Levallois-Perret
College Prive Sainte-Croix,1 rue des Jacobins 77160 Provins
Centre de Formation d'Apprentis / CFA IGS,3/7 rue Pierre Dupont 75010 Paris 10
Lycee Technologique Prive Charles Peguy,80 avenue Parmentier 75011 Paris 11
Ecole Esthetique Academie Guinot Mary Cohr,52-52 bis rue Laffitte 75009 Paris 09
Ecole Primaire Privee Sainte-Marie,6 rue de l'Abbe Duval 78130 Les Mureaux
Method Acting Center,93 avenue d'Italie 75013 Paris 13
Ecole Privee Jean Paul II,24 rue de Marnes 92380 Garches
"Groupe Scolaire Ste-Genevieve-St-Pierre-St-Paul, College",6 rue J.-P.-Timbaud 92400 Courbevoie
ESEC - Ecole Superieure d'Etudes Cinematographiques,21 rue de Citeaux 75012 Paris 12
Ecole Saint-Louis de Gonzague,15 rue Louis David 75116 Paris 16
Ecole Privee Saint-Jean-de-Passy,72 rue Raynouard 75016 Paris 16
Lycee Prive Massillon,2 bis quai des Celestins 75004 Paris 04
INSEEC Business School,27 avenue Claude Vellefaux 75010 Paris 10
Ecole English Tree,2 rue de Chartres 91400 Orsay
Lycee Henri Matisse,88 B rue Jules Guesde 93100 Montreuil
"Stanislas, Lycee",22 rue N-D-des-Champs 75279 Paris 06
ESCE Ecole Superieure du Commerce Exterieur,10 rue Sextius Michel 75015 Paris 15
ESSEC Executive Education,CNIT 2 place de la Defense BP 230 92053 Paris-la-Defense
Ecole Saint Benoit,12 rue Alexandre Lange 78000 Versailles
Faculte de Philosophie de l'Institut Catholique de Paris,21 rue d'Assas 75006 Paris 06
Cours Prive Dagostinoz,3 bis rue Pierre-Baudry 92140 Clamart
Ecole Primaire Privee Sainte-Croix,8 rue Pierre Ypres 77160 Provins
Ecole Primaire Privee Institut Paul Ricoeur,85 rue de Paris 95380 Louvres
International School of Paris,6 rue Beethoven 75016 Paris 16
"Groupe Scolaire Maimonide-Rambam, Ecole",11 rue des Abondances 92100 Boulogne-Billancourt
Institut Superieur Maria Montessori,1/7 rue Jean Monnet 94130 Nogent-sur-Marne
Ecole maternelle Montessori 21 Sevres,6 rue Carle Vernet 92310 Sevres
Ecole Privee Francoise Cabrini,20 rue du Docteur Sureau 93160 Noisy-le-Grand
Lycee prive Sainte-Marie de Neuilly,24 boulevard Victor Hugo 92200 Neuilly-sur-Seine
"Talis Business School, ecole de commerce et management",24 rue de l'Amiral Hamelin 75116 Paris 16
Ecole Les Petites Souris de Montessori,44 rue de la Fontaine d'Amour 95270 Viarmes
Atelier Albers,9 rue des Arenes 75005 Paris 05
"Ecole de Paris des Metiers de la Table, du Tourisme et de l'Hotellerie",17 rue Jacques Ibert 75017 Paris 17
Institut Universitaire Saint-Pie-X,21 rue du Cherche-Midi 75006 Paris 06
Institution Nazareth - Enseignement prive catholique,Place du 14 Juillet 77950 Voisenon
ESI Business School - Ecole de commerce du developpement durable,87 rue du Chateau 92100 Boulogne-Billancourt
College Beth Aaron,19 rue du Domremy 75013 Paris 13
EDC Paris Business School,"70 Galerie des Damiers, La Defense 1 92400 Courbevoie"
"Groupe Scolaire Sophie Barat, Lycee Technique",50 rue des Grillons 92290 Chatenay-Malabry
Ecole Privee - Institution Sainte-Genevieve,48 avenue de la Marne 92600 Asnieres-sur-Seine
College Latin,12 rue du Colonel Moll 75017 Paris 17
Ecole de maquillage Avant scene,25 rue Saint Sebastien 75011 Paris 11
Ecole Privee Sainte-Genevieve du Marais,9 rue du Foin 75003 Paris 03
UTEC Meaux,IUT de Meaux 17 rue Jablinot 77100 Meaux
Delta Math,3 rue de Monceau 75008 Paris 08
Ecole Sainte-Therese,Campus Ouest 6 avenue de la Doutre 77330 Ozoir-la-Ferriere
College Prive Notre-Dame de Lourdes,16 rue Taclet 75020 Paris 20
Ensemble Scolaire Saint-Benoist de l'Europe - Lycee Professionnel,82 avenue Gambetta 93170 Bagnolet
EXCOSUP Etablissement superieur prive de preparation aux concours,12 rue Hautefeuille 75006 Paris 06
CFA Stephenson,48 rue Stephenson 75018 Paris 18
ARTEC,71 boulevard de Brandebourg 94200 Ivry-sur-Seine
Ecole Les Petits Ecoliers,10 rue du Moulin de Pierre 92130 Issy-les-Moulineaux
Institut Pratique de Journalisme,24 rue Saint-Georges 75009 Paris 09
College Protectorat Saint Joseph,36 rue Jacques Duclos 93600 Aulnay-sous-Bois
Ecole Privee Saint-Alexandre,23 boulevard Jean-Jaures 92100 Boulogne-Billancourt
Ensemble Scolaire Fenelon,1 rue de Montauban 93410 Vaujours
AFTRAL,11 place d'Aquitaine 94150 Rungis
Cours Legendre,78 rue Saint-Lazare 75009 Paris 09
Lycee La Jonchere,18 Avenue de la Jonchere 78170 La Celle-Saint-Cloud
College Prive Reussite,3 impasse Charles Cousin 93300 Aubervilliers
Alternance-Academy,12 impasse Boutron 75010 Paris 10
College Prive Notre-Dame,39-41 rue Saint-Lazare 95290 L'Isle-Adam
College par Correspondance,78 rue Saint-Lazare 75009 Paris 09
Ecole Privee Lamazou,80 rue Boileau 75016 Paris 16
College de La Source,7 rue Macaigne Fortier 95650 Boissy-l'Aillerie
Lycee Chne Ohr,17 rue du Clos Besnard 93300 Aubervilliers
Ecole Privee Catholique Gerson,31 rue de la Pompe 75116 Paris 16
Cours FIDES,87 avenue de la Bourdonnais 75007 Paris 07
Faculte Libre de Theologie Protestante,83 boulevard Arago 75014 Paris 14
Ecole Le Cours du Soleil,53 rue Jean de la Fontaine 75016 Paris 16
Centre Formation Europeen de la Beaute,11 bis rue de Maubeuge 75009 Paris 09
"Institution Sainte Therese, College",5 rue de l'Ancienne-Eglise 91230 Montgeron
Ecole a L'Ere Libre,19 rue de l'Alun 91150 Etampes
Ecole Notre-Dame de Joie,19 rue Louis-Blanc 92190 Meudon
College Prive Catholique Sainte-Celine,29 rue Pierre Marx 77262 La Ferte-sous-Jouarre
College Prive Ensemble Scolaire Les Chataigniers,11 bis avenue Jean Jaures 78000 Versailles
Ecole Privee Le Sacre-Coeur,7 rue Jean Cottin 75018 Paris 18
Le Jardin d'Eglantine,165 boulevard Brune 75014 Paris 14
"Notre Dame de Sion, College Prive",61 rue Notre-Dame des Champs 75006 Paris 06
Cours Prive Carnot,62 Bis rue Pierre Demours 75017 Paris 17
Faculte de Sciences Sociales et Economiques de l'Institut Catholique de Paris,21 rue d'Assas 75006 Paris 06
Institution Saint-Dominique,23 Quater boulevard d'Argenson 92200 Neuilly-sur-Seine
College Prive ESED - Ecole Secondaire d'Etudes Dirigees,88 rue de la Division Leclerc 91160 Saulx-les-Chartreux
Ecole Privee Saint-Joseph,8 rue Emile Verhaeren 92210 Saint-Cloud
Ecole Primaire Privee Sainte Jeanne-Elisabeth,49 avenue Duquesne 75007 Paris 07
"Ensemble Scolaire Sainte-Ursule - Louise-de-Bettignies, College Prive",102 boulevard Pereire 75017 Paris 17
Lycee International Montessori Ecole Athena,29 rue de Noisy 78870 Bailly
Institut de Conciergerie Internationale,13 rue Fernand Leger 75020 Paris 20
Ecole de Travail ORT,4 bis rue des Rosiers 75004 Paris 04
APEP SUP,7 rue de la Vega 75012 Paris 12
Ecole Privee Sainte-Jeanne d'Arc,16 rue Henri Barbusse 93370 Montfermeil
Ecole Privee Mixte Saint-Andre,15 avenue Mahieu 94100 Saint-Maur-des-Fosses
College Sainte-Therese,5 rue de Paris 95440 Ecouen
EFJ Ecole Francaise de Journalisme,114 rue Marius Aufan 92300 Levallois-Perret
ISIFA Cfa,3 rue Vaudetard 92130 Issy-les-Moulineaux
ENOES Expertise Comptable et Audit,62 rue de Miromesnil 75008 Paris 08
Lycee Saint-Vincent-de-Paul,44 avenue de Saint-Cloud 78000 Versailles
ESSEC Business School - ESSEC Grande Ecole,3 avenue Bernard Hirsch CS 50105 95021 Cergy-Pontoise
"Sup’Expertise Paris - L'Ecole superieure des metiers de l'expertise comptable, de",58 rue du Professeur Gosset 75018 Paris 18
Lycee Prive Catholique Sainte Louise,29 rue des Envierges 75020 Paris 20
Lycee Prive Jeanne-d'Arc - Saint-Aspais,18 boulevard Maginot 77300 Fontainebleau
Studio Magenia Academie Europeenne de Theatre Corporel,8 rue Simon le Franc 75004 Paris 04
CFP Prive,13 rue du Mont-Dore 75017 Paris 17
Nouqa Ecole Maternelle Bilingue,Bat B 69 rue de Paris 91400 Orsay
Ecole Privee La Salle Sainte Marie,6 avenue Gambetta 77140 Nemours
Pigier Performance Paris Centre,"Parc du Pont de Flandre 11 rue de Cambrai, Bat 32 75019 Paris 19"
"Groupe Scolaire Prive Catholique Saint-Joseph La Salle, College",12 avenue du 8 Mai 1945 93500 Pantin
"Ecole Maternelle et Elementaire, Protectorat Saint-Joseph",36 rue Jacques Duclos 93600 Aulnay-sous-Bois
Lycee Saint-Augustin,39 rue Grande Fontaine 78100 Saint-Germain-en-Laye
Theologicum (Faculte de Theologie et de Sciences Religieuses) de l'Institut Catholique,21 rue d'Assas 75006 Paris 06
Ecole Dynamique,36 rue des Artistes 75014 Paris 14
IESA Institut d'Etudes Superieures des Arts,1 cite Griset 75011 Paris 11
Jaelys,62 rue de Maubeuge 75009 Paris 09
Institut Superieur Juventhera,254 rue du Faubourg Saint Martin 75010 Paris 10
"Institution Sainte-Marie d'Antony, Ecole",21 bis rue Auguste-Mounie BP 180 92186 Antony
Ecole Cours Sainte-Anne,76 rue Saint-Lazare 75009 Paris 09
The Bilingual Montessori School of Paris - Campus d'Orsay,65 quai d'Orsay 75007 Paris 07
Lycee Prive Sainte-Croix,1 rue des Jacobins 77160 Provins
ESUP Paris,45 rue Linois 75015 Paris 15
Institut Orthodoxe Francais de Paris Saint-Denys,96 boulevard Auguste-Blanqui 75013 Paris 13
College Prive Saint-Exupery,11 rue Michael Faraday 78180 Montigny-le-Bretonneux
Lycee Ozar Hatorah Garcons,2 voie Felix Eboue 94000 Creteil
Ecoles de Conde - Paris Patrimoine,58-60 boulevard Garibaldi 75015 Paris 15
ILEPS Ecole Superieure des Metiers du Sport,13 boulevard de l'Hautil 95092 Cergy-Pontoise
Ecole Tarkmantchatz Ecole bilingue francais et armenien,17-19 sentier des Epinettes 92130 Issy-les-Moulineaux
SUPELEC,Plateau de Moulon 3 rue Joliot-Curie 91192 Gif-sur-Yvette
Acadomia,83 boulevard Exelmans 75016 Paris 16
UFA (Unite de Formation par l’Apprentissage) Jeanne d'Arc,2 bis boulevard Toussaint-Lucas 95130 Franconville
"British School of Paris, Lycee",38 quai de l'Ecluse 78290 Croissy-sur-Seine
Lycee prive Yabne,29 avenue Leon Bollee 75013 Paris 13
Pigier,La Cartonnerie 824 avenue du Lys 77190 Dammarie-les-Lys
Ecole Privee Sainte-Anne,1 rue Leon-Renard 91160 Longjumeau
Fondation Leonie-Chaptal,19 rue Jean-Lurcat Le Haut-du-Roy 95200 Sarcelles
College Nouvelle La Source,11 rue Renon 92190 Meudon
Lycee Technique ORT Daniel Meyer,43 rue Rapail 93100 Montreuil
Atelier Vert Celadon,17 rue Montera 75012 Paris 12
ETS Ecole Europeenne,63 rue Ampere 75017 Paris 17
College Prive Fidelis,19 rue Saint-Denis 93100 Montreuil
Ecole Privee Saint-Martin,92 rue du President Roosevelt 78500 Sartrouville
INTEGRALE institut d'Enseignement Superieur Prive,64 bis rue du Rocher 75008 Paris 08
Lycee Prive Louise-de-Marillac,32 rue Geoffroy-Saint-Hilaire 75005 Paris 05
Ecole Privee Sainte-Therese,5 rue de Paris 95440 Ecouen
CFA de la Pharmacie Paris Ile-de-France,59 rue Planchat 75020 Paris 20
Ecole Privee Catholique l'Esperance,35 rue Anatole-France 93600 Aulnay-sous-Bois
Cours Socrate,64 bis rue Taitbout 75009 Paris 09
College Chne Ohr,150 rue Andre Karman 93300 Aubervilliers
Lycee Prive Le Bon Sauveur,6 rue Henri Cloppet 78110 Le Vesinet
Lycee Saint-Dominique,20 avenue Charles-de-Gaulle 78230 Le Pecq
"Lycee Prive d'Enseignement General et Technologique, La Salle - Saint Rosaire",51-53 rue Pierre-Brossolette 95200 Sarcelles
IFM Institut Francais de la Mode,36 Quai d'Austerlitz 75013 Paris 13
Lycee La Salle - Passy Buzenval,50 avenue Otis Mygatt 92500 Rueil-Malmaison
IRTS Paris Ile-de-France,145 avenue Parmentier 75010 Paris 10
"Groupe Scolaire Saint-Pierre Saint-Jean, College",121 avenue Achille Peretti 92200 Neuilly-sur-Seine
College prive Sainte-Marie de Neuilly,24 boulevard Victor Hugo 92200 Neuilly-sur-Seine
Ecole CERENE,71 rue de Paris 92110 Clichy
Institut Technique du Maquillage ITM,9 rue des Arenes 75005 Paris 05
"Association Scolaire Mariste Bury-Rosaire, College Prive Notre-Dame-de-Bury",1 avenue Georges-Pompidou 95580 Margency
CIFCA - Centre Interprofessionnel de Formation des Commerces de l'Alimentation,14 rue des Fillettes 75018 Paris 18
ISE Institut Superieur de l'Environnement,9 rue des Etats Generaux 78000 Versailles
Academie Europeenne de Coiffure Daniel Montesantos,133 avenue Ledru Rollin 75011 Paris 11
ESAT Ecole Superieure Arts et Techniques Hourde,10 boulevard des Batignolles 75017 Paris 17
Ecole Privee Mixte Notre-Dame-des-Missions-Saint-Pierre,4 rue du President-Kennedy 94220 Charenton-le-Pont
Lycee Prive Saint-Joseph,110 rue de Malcouture 95100 Argenteuil
ISEFAC Paris,27 rue Lucien Sampaix 75010 Paris 10
IPESUP,18 rue du Cloitre-Notre-Dame 75004 Paris 04
"Ensemble Scolaire Jean-Baptiste de La Salle Notre-Dame de la Compassion, Lycee Prive",6-8 place de la Resistance 93207 Saint-Denis
College Cours Protestant d'Ile de France,53 avenue Edouard Vaillant 93000 Bobigny
Ecole Georges Gusdorf,98 rue Didot 75014 Paris 14
Faculte des Lettres de l'Institut Catholique de Paris,21 rue d'Assas 75006 Paris 06
Lycee Polyvalent Prive Saint-Martin,10 rue de la Pie Voleuse 91120 Palaiseau
Lycee Education et Savoir,44 rue Marcel Grosmenil 94800 Villejuif
Ecole Primaire Privee Saint-Albert,49 rue Jean-Jaures 77440 Lizy-sur-Ourcq
Etablissement Tournesol,5 rue Yeo Thomas 75013 Paris 13
College Innovant Living School,93 bis rue Manin 75019 Paris 19
Institution Notre-Dame-de-France,5 avenue Arblade 92240 Malakoff
College Prive Bienheureux Charles de Foucauld,7 rue Edgar Quinet 92800 Puteaux
Schola Nova,8 bis rue de Tunis 75011 Paris 11
Formamod CFP des Arts de la Mode,15/27 rue Moussorgski 75018 Paris 18
Lycee Jeannine Manuel,70 rue du Theatre 75015 Paris 15
Ecole Notre-Dame Saint-Edmond,11 bis rue du General Gouraud 92190 Meudon
GOBELINS Ecole de l'Image Site de Paris,73 boulevard Saint-Marcel 75013 Paris 13
Ecole Privee Saint-Pie X,2 rue Claude Debussy 93290 Tremblay-en-France
College de garcons Prive Saint-Joseph,8 rue Emile Verhaeren 92210 Saint-Cloud
"Ensemble scolaire La Salle-St Rosaire, Annexe College Oscar Romero",5 rue Gambetta 95140 Garges-les-Gonesse
College Prive La Salle - Saint Rosaire,51-53 rue Pierre-Brossolette 95200 Sarcelles
Cours FIDES,87avenue de la Bourdonnais 75007 Paris 07
Ecole Privee Notre Dame,56 rue Raspail 94700 Maisons-Alfort
Ecole Montessori 21 de Chatenay-Malabry,42 chemin de la Justice 92290 Chatenay-Malabry
Ecole Privee Primaire Notre-Dame-des-Lys,1 rue du Marechal Joffre 77660 Saint-Jean-les-Deux-Jumeaux
Lycee Prive La Rochefoucauld,90 bis rue Saint-Dominique 75007 Paris 07
College Merkaz Hatorah Filles,65-67 boulevard du Midi 93340 Le Raincy
Lycee Polyvalent Prive Saint Martin,Rue du 8 Mai 1945 91120 Palaiseau
ESA Ecole Superieure d'Assurances,13 rue Fernand Leger 75020 Paris 20
Ecole Nouvelle St-Thomas-d'Aquin,7 rue Perronet 75007 Paris 07
IPSA Institut Polytechnique des Sciences Avancees,63 boulevard de Brandebourg 94200 Ivry-sur-Seine
Ecole de Service Social de la CRAMIF,17-19 place de l'Argonne 75019 Paris 19
Ecole Maternelle Bilingue Les Merveilles - Montessori,17 rue Anatole France 93110 Rosny-sous-Bois
Ecole Maternelle Bilingue,48 rue Darius Milhaud 75019 Paris 19
Centre Berlitz,16 rue Traversiere 95035 Cergy-Pontoise
Ecole Institut Prive de l'Alma,12 avenue Bosquet 75007 Paris 07
Cours Hattemer,43 rue Decamps 75116 Paris 16
"Atelier Chardon-Savard, Stylisme de mode",15 rue Gambey 75011 Paris 11
Association Nationale pour la Formation Professionnelle de la Pharmacie (ANFPP),10 rue Tesson 75010 Paris 10
Ecole Privee de la Croix,25 rue Mathurin Regnier 75015 Paris 15
Lycee polyvalent Saint-Pierre,70 rue de Montgeron 91800 Brunoy
Ecole Privee Saint-Joseph,154 rue Saint-Maur 75011 Paris 11
ESJ Ecole Superieure de Journalisme,107 rue de Tolbiac 75013 Paris 13
College Prive La Rochefoucauld,90 bis rue Saint-Dominique 75007 Paris 07
Lycee Prive Ifea Emilie du Chatelet,28 rue Petit 92110 Clichy
Sup'Biotech - Institut des Biotechnologies de Paris,66 rue Guy Moquet 94800 Villejuif
Ecole Privee Sainte-Therese,11 rue Kleber 78800 Houilles
Internat du College l'Ermitage,24 avenue Egle 78600 Maisons-Laffitte
EIB The Victor Hugo School,23 rue de Cronstadt 75015 Paris 15
ESP Ecole Superieure de Publicite et marketing,9 rue Leo-Delibes 75116 Paris 16
Ecole Primaire Privee Saint Louis,40 rue Carnot 77300 Fontainebleau
Ecole Privee Sainte-Croix,55 rue Henri Barbusse 93130 Noisy-le-Sec
Lycee par Correspondance,78 rue Saint-Lazare 75009 Paris 09
College Prive Catholique Gasnier-Guy - Sainte-Bathilde,28 rue du Tir 77500 Chelles
Lycee Polyvalent Prive Le Rebours,44 boulevard Auguste Blanqui 75013 Paris 13
College Kingsworth Internationalschool,56 rue de Passy 75116 Paris 16
Ecole CERENE,25 rue Dagorno 75012 Paris 12
College Prive Montalembert,28 boulevard Gambetta 94736 Nogent-sur-Marne
Ecole Montessori Bilingue Maternelle et Primaire,5 rue de Garches 92210 Saint-Cloud
La Fabrique Saint Antoine,171 rue du Faubourg Saint Antoine 75011 Paris 11
"Lycee Professionnel, General et Technologique Prive Carcado-Saisseval",121 boulevard Raspail CS 10622 75006 Paris 06
College Prive Annexe Saint-Didier,26 rue de Draguignan 95400 Arnouville
Pigier,23 rue Colbert St Quentin en Yvelines 78885 Montigny-le-Bretonneux
Icademie,52 rue de l'Arbre Sec 75001 Paris 01
Ecole Camondo,266 boulevard Raspail 75014 Paris 14
L'Ecole par Correspondance,76-78 rue Saint-Lazare 75009 Paris 09
ESSCA Paris,55 quai Alphonse Le Gallo 92100 Boulogne-Billancourt
ISC Paris Business School,22 bd du Fort de Vaux 75017 Paris 17
Ecole Mathurin Cordier,12 boulevard de la Republique 78440 Porcheville
Ecole Privee Notre-Dame de Sion - Sainte-Marie-Sion,93 rue Notre Dame des Champs 75006 Paris 06
Ecole Plurivalente,7 rue du docteur Schweitzer 95600 Eaubonne
Faculte des Metiers de l'Essonne,3 chemin de la Grange Feu Louis 91035 Evry-Courcouronnes
ECV Paris,27 rue Buffon 75005 Paris 05
L'EA - Itedec,27 rue du Chantier d'Herube 78410 Aubergenville
Guidepost Montessori Velizy,3 avenue Morane Saulnier 78140 Velizy-Villacoublay
Integrale - Prepa HEC,12 rue de l'Eglise 92140 Clamart
"SKEMA Business School, campus de Paris-La Defense",Pole universitaire Leonard-de-Vinci Esplanade Mona Lisa 92916 Paris-la-Defense
Lemon Ecole,5 rue Robert Schuman 77330 Ozoir-la-Ferriere
ESCI Ecole Superieure de Commerce International,54 rue de la Maison Rouge Lognes 77437 Marne-la-Vallee
College Prive Le Bon Sauveur,6 rue Henri Cloppet 78110 Le Vesinet
ESME Sudria Paris,40 rue du Docteur Roux 75015 Paris 15
Ecole Leonard de Vinci,3 avenue Paul Langevin 95220 Herblay-sur-Seine
College EIB Monceau,16 rue Margueritte 75017 Paris 17
CFA Proprete Inhni Ile de France,34 boulevard Maxime Gorki 94800 Villejuif
Ecole Privee Sainte-Therese,10 rue de la Chevrette 93800 Epinay-sur-Seine
"Cours Prive Marymount International School, maternelle et elementaire",72 boulevard de la Saussaye 92200 Neuilly-sur-Seine
Media Institute,21 rue Auber 75009 Paris 09
ESAG Penninghen,31 rue du Dragon 75006 Paris 06
"College Prive Blomet, Ecole Normale Catholique",5 rue Blomet 75015 Paris 15
Lycee Prive Clapeyron,64 bis rue Taitbout 75009 Paris 09
Ecole Privee Saint Thomas de Villeneuve,1646 avenue Roger-Salengro 92370 Chaville
College Prive Mixte Notre-Dame-des-Missions-Saint-Pierre,4 rue du President-Kennedy 94220 Charenton-le-Pont
Enseignement International de Coiffure des Yvelines,10 avenue Larcher 78400 Chatou
Lycee Polyvalent l'Assomption,12 avenue de Verdun 93140 Bondy
Ecole Montessori 21,8 rue Jules Gautier 92000 Nanterre
"ESIEA Paris, Ecole Superieure d'Informatique-Electronique-Automatique",74 bis avenue Maurice Thorez 94200 Ivry-sur-Seine
ISEC Institut Europeen de la Coiffure,28 rue de Trevise 75009 Paris 09
Institut des Metiers de la Musique (IMM),3 rue Portefoin 75003 Paris 03
Ecole Privee Mixte Primaire Sainte-Jeanne-d'Arc,24 bis rue Charcot 75013 Paris 13
ISE Institut Superieur de l'Entreprise,Immeuble Le Futura 23 place Wicklow 78180 Montigny-le-Bretonneux
"Ensemble Scolaire Sainte-Therese, Lycee Prive Catholique",Campus Ste Therese Avenue Erasme Rond-Point de l'Europe CS 20294 77330 Ozoir-la-Ferriere
"Ensemble Scolaire Sainte-Therese, College Prive Catholique","Campus Sainte-Therese Avenue Erasme, Rond-Point de l'Europe CS 20294 77330 Ozoir-la-Ferriere"
College Prive Catholique Sainte-Louise,29 rue des Envierges 75020 Paris 20
Douce Maternelle,9 rue Crillon 75004 Paris 04
IDRAC Ecole Superieure de Commerce,7-11 avenue des Chasseurs 75017 Paris 17
Cours Moliere - International School,2 boulevard Soult 75012 Paris 12
"Ecole Groupe Scolaire de L'Alliance, Ecole",35 allee Robert Estienne 93320 Les Pavillons-sous-Bois
Ecole Professionnelle de la Boucherie,37 boulevard Soult 75012 Paris 12
ENOES Ecole Superieure des transports EST,62 rue de Miromesnil 75008 Paris 08
Ecole Arco Iris,31 cours de l'ile Seguin 92100 Boulogne-Billancourt
College Prive Institution Sainte-Marie,17 rue Edgar-Quinet BP 13 93351 Le Bourget
Lycee Technologique Prive Notre-Dame-de-Boulogne,1 avenue Charles-de-Gaulle 92100 Boulogne-Billancourt
Ecole Saint-Mesrop Arabian,1 rue Komitas 94140 Alfortville
EPSI Campus de Paris,70 rue Marius-Aufan 92300 Levallois-Perret
ENOES Ressources Humaines ERH,62 rue Miromesnil 75008 Paris 08
Ecole Privee Oscar Romero Annexe,5 rue Gambetta 95140 Garges-les-Gonesse
"Groupe Scolaire Saint Thomas de Villeneuve, Lycee Prive",1646 avenue Roger-Salengro 92370 Chaville
Lycee General et Technologique Prive sous contrat Le Rebours,44 boulevard Auguste Blanqui 75013 Paris 13
EDUC PREPA,5 rue Las Cases 75007 Paris 07
Ecole Privee des Metiers de la Creation La Ruche,14 rue Lally-Tollendal 75019 Paris 19
College Prive Jeanne-d'Arc,31 rue Alfred Leblanc 91220 Bretigny-sur-Orge
Protectorat Saint-Joseph,36 rue Jacques Duclos 93600 Aulnay-sous-Bois
Aurlom Paris,2 bis rue Saint Sauveur 75002 Paris 02
American BBA INSEEC MBA Institute,63 boulevard Exelmans 75016 Paris 16
Ecole Privee Sainte-Jeanne d'Arc,78 rue de Paris 78550 Houdan
La Petite Ecole Bilingue Montessori,6 rue des Menus 92100 Boulogne-Billancourt
LISAA Pole Architecture d'Interieur et Design d'Environnement,8 square Henri Delormel 75014 Paris 14
Ecole Privee Saint-Honore-d'Eylau,66 avenue Raymond Poincare 75116 Paris 16
Math Soutien,8 boulevard Pasteur 75015 Paris 15
"Ecole Privee Saint Jean, Ecole Normale Catholique",89 rue Olivier de Serres 75015 Paris 15
Ecole Montessori 21 de Paris Jaures,74 quai de la Loire Paris 19
Cours Legendre,6 rue de l’Ecole de Medecine 75006 Paris 06
College de La Trinite,4 route du Carmel 91640 Briis-sous-Forges
Lycee Professionnel Francoise Cabrini,20 rue du Docteur Sureau 93160 Noisy-le-Grand
Concordia School,41 avenue de la Grande Armee 75116 Paris 16
Ecole Sup de V - CCI Paris Ile-de-France,Site du Bel-Air 51 boulevard de la Paix 78100 Saint-Germain-en-Laye
Ecole Montessori's Cool,5 rue Emile Allez 75017 Paris 17
Ecole Privee Saint-Louis,47 rue Montcalm 75018 Paris 18
Ecole Privee Jean XXIII,207 avenue Maurice Thorez 94200 Ivry-sur-Seine
PREPASUP - Etablissement Prive d'Enseignement Superieur et Secondaire,"16 B, rue de l'Estrapade 75005 Paris 05"
Lycee Merkaz Hatorah Garcons,92-94 chemin des Bourdons 93220 Gagny
ISG Institut Superieur de Gestion,8 rue de Lota 75116 Paris 16
EFET Paris,110 rue de Picpus 75012 Paris 12
College du Petit Prince,29 rue des Patis 95520 Osny
Ecole Webstart,60 quai de Jemmapes 75010 Paris 10
Ecole Privee Notre-Dame-de-l'Assomption,11 rue d'Antony 91370 Verrieres-le-Buisson
Lycee Vauban,23 place du Petit Martroy 95300 Pontoise
Groupe Scolaire Educactive,32 avenue de Valenton 94190 Villeneuve-Saint-Georges
Ecole Privee Saint-Sauveur,14 rue Petits Carreaux 75002 Paris 02
Ecole Privee Saint-Ursule Louise de Bettignies,102 boulevard Pereire 75017 Paris 17
Ecole Privee Sainte-Marguerite,39 rue Tarbe des Sablons 95600 Eaubonne
Ecole Privee Soeur Rosalie Louise de Marillac,32 rue Geoffroy Saint Hilaire 75005 Paris 05
Ecole de la Neuville,1 rue du Chateau Tachy 77650 Chalmaison
Ecole Montessori 21,2 allee Robert Debre 92350 Le Plessis-Robinson
"Institution Sainte-Marie d'Antony, College",2 rue de l'Abbaye 92160 Antony
Ecole Talentiel,1 rue des peupliers 95490 Vaureal
Lycee Prive Therese-Chappuis,52 rue Vaneau 75007 Paris 07
College Saint-Germain,103 rue Sadi-Carnot 93700 Drancy
Ecole Primaire Privee Sainte Colombe,8 place des Minimes 77170 Brie-Comte-Robert
Institut de Formation a la Mediation et a la Negociation de l'Institut Catholique,21 rue d'Assas 75006 Paris 06
Paris College of Art,15 rue Fenelon 75010 Paris 10
Ecole Privee Montalembert,28 boulevard Gambetta 94130 Nogent-sur-Marne
Lycee Polyvalent Prive Charles-Peguy,80 avenue Parmentier 75011 Paris 11
Ecole Europeenne d'Intelligence Economique,Hotel de Madame de Pompadour 7 rue des Reservoirs 78000 Versailles
At Montessori Ranelagh,49 rue du Ranelagh 75016 Paris 16
Ecole Privee Charles-Peguy,216 avenue Henri-Barbusse 93000 Bobigny
College Prive Mixte Sainte Jeanne-Elisabeth,8 rue Maurice-de-la-Sizeranne 75007 Paris 07
Ecole Montessori Internationale Rueil-Malmaison,14-16 Rue des Coudreaux 92500 Rueil-Malmaison
Ecole Privee Mixte Sainte-Marie,24 rue Charles-de-Gaulle 95170 Deuil-la-Barre
Ecole Privee Sainte-Jeanne-d'Arc,7 rue de Rueil 92310 Sevres
Lycee prive N'R Hatorah,3 et 5 rue Henri Turot 75019 Paris 19
College Montessori de Gargenville Trilingue,6 rue Gambetta 78440 Gargenville
Cours Hattemer,52 rue de Londres 75008 Paris 08
The Bilingual Montessori School of Paris - Campus de George V,23 avenue George V 75008 Paris 08
College Dynamique,36 rue des Artistes 75014 Paris 14
College Saint-Honore-d'Eylau,66 avenue Raymond-Poincare 75116 Paris 16
Centre National de Formation et d'Animation de l'UFCV,10 quai de la Charente 75019 Paris 19
ISCG,13 rue de Citeaux 75012 Paris 12
ORT France,24 rue Erlanger 75016 Paris 16
ISEG Digital Marketing Communication School,95 avenue de Parmentier 75011 Paris 11
Ecole Montessori 21,74 quai de la Loire 75019 Paris 19
Itecom Artdesign Enseignement Prive Technique Superieur,12 rue Quatre Septembre 75002 Paris 02
Ecole Primaire Privee Saint-Pie-X,19 rue des Ecoles 92210 Saint-Cloud
